from,to,strength,direction
BTN2A2,RNF8,0.72,0.628310974
BTN2A2,RARA,0.78,0.639473684
BTN2A2,BTN3A1,1,0.71
CCR7,ICOS,0.94,0.541666667
CCR7,GPR18,0.89,0.72061453
CCR7,TCF7,0.93,1
CCR7,ZNF683,0.84,0.52267316
CD44,CAV1,0.82,0.928463203
CD44,FAS,0.78,0.507027987
CD44,PRNP,0.92,0.943452381
CD44,MSN,0.72,0.814035088
CD44,RAC2,0.95,0.885724638
FOXP1,MERTK,0.75,0.628070175
FZD8,IL15,0.75,0.597222222
FZD8,RARA,0.72,0.802279135
FZD8,SKAP1,0.7,0.719627193
GATA3,SNAP23,0.73,0.697825292
GATA3,SLC7A1,0.71,0.546052632
HLA-DPA1,HLA-DPB1,0.92,0.93577381
HLA-DPA1,CD74,0.97,0.856141304
HLA-DPA1,HLA-DRA,0.99,0.889583333
HLA-DPA1,HLA-DOB,0.74,0.883928571
ICAM1,WNK1,0.83,0.775852238
ICAM1,GPAM,0.75,0.545069782
ICAM1,MSN,0.84,0.569172932
ICAM1,RASGRP1,0.89,0.710533126
ICAM1,TGFB1,0.95,0.781130952
ICAM1,GPR183,0.86,0.710326087
IL1B,CD300A,0.81,0.519646035
IL1B,NFKBIZ,0.75,0.606028775
IL1B,IL18R1,0.91,0.656791126
IL1B,TNF,1,0.92
IL6,NR4A3,1,0.84
IL6,ID2,0.71,0.764202786
IL6,BCL3,0.99,0.727083333
IRF1,TNFSF14,0.8,0.726895363
IRF1,IDO1,0.82,0.986111111
IRF1,GBP1,1,0.97
IRF1,IFNG,0.71,0.54652486
IRF1,HLA-F,0.78,0.676701223
IRF1,B2M,0.96,0.812173913
IRF1,STAT1,0.99,0.98
IRF1,TAPBP,0.89,0.818934688
JAK3,IL12RB1,0.9,0.726893939
JAK3,TNFRSF13C,0.71,0.787237702
MYH9,NCK2,0.85,0.701915114
MYH9,RAC2,0.79,0.55154486
PTGER4,EGR3,0.75,0.54047619
VSIR,CRTAM,0.7,0.533571981
VSIR,TNFRSF1B,0.84,0.715909091
VSIR,ZFP36L2,0.85,0.871501196
ADAM8,IL4R,0.99,0.909583333
ADAM8,ICOSLG,0.74,0.557189542
ADAM8,SAMSN1,0.71,0.767687908
ADAM8,RELB,0.71,0.655208333
ADAM8,RAC2,0.74,0.553804855
ANXA1,TMEM131L,0.71,0.92906746
CBFB,EXOSC6,1,0.77
CD28,CRTAM,0.79,0.553827751
CD28,CCR4,0.97,0.639166667
HLA-DOA,HLA-DOB,0.8,0.711466165
NKAP,EXOSC6,0.81,0.591368126
NKAP,IDO1,0.83,0.831547619
NKAP,ATP7A,0.73,0.622147817
NKAP,ELF4,0.96,0.65219697
NKAP,CD99L2,0.95,0.686628788
NKAP,TGFB1,0.7,0.663511153
NKAP,CACNA1F,0.89,0.727149209
ADAM10,CBFB,0.7,0.707142857
ADAM10,RAC1,0.7,0.59752322
ADAM10,SNAP23,0.88,0.51242236
ADAM17,HFE,0.89,0.589150433
ADAM17,RAG1,0.72,0.793154762
ADAM17,MAP3K7,0.74,0.828959627
ADAM17,SOS1,0.95,0.56884058
CCR2,NOD2,0.87,0.54047619
CXCL13,CCR7,0.72,0.502941176
CXCL13,BANK1,0.71,0.610818713
CXCL13,GPR18,0.76,0.693181818
STK39,ADAM8,0.71,0.742011278
STK39,NFKBIZ,0.88,0.841600791
STK39,CCR9,0.72,0.848945433
STK39,SH3RF1,1,0.82
STK39,KCNN4,0.77,0.774159664
STK39,PHPT1,0.82,0.657738095
STK39,SPNS2,0.71,0.67872807
WNK1,PTPN6,0.87,0.501266754
AGER,ITM2A,0.75,0.958905229
AGER,HLA-E,0.75,0.629817916
AGER,CAV1,1,0.99
AGER,SLC11A1,0.79,0.519736842
AGER,GIMAP8,1,0.82
AGER,IL12A,0.7,0.760547201
CD24,DUSP10,0.85,0.58791866
CD24,NCK2,0.86,0.721607378
CD24,STX7,0.88,0.569381705
CD24,MAP3K7,0.73,0.583272059
FADD,RELA,1,0.58
FADD,TMEM102,0.82,0.538833715
GPAM,EXOSC3,0.75,0.697544329
GPAM,RIPOR2,0.7,0.658928571
GPAM,SMAD7,0.81,0.717763612
HHLA2,XCL1,0.79,0.770562771
HHLA2,PELI1,0.7,0.553571429
HMGB1,CBFB,0.83,0.790464427
HMGB1,RPS3,0.94,0.510869565
HMGB1,CD99L2,0.81,0.782004831
HMGB1,HSPH1,0.89,0.682259317
HMGB1,SOD1,0.89,0.518398268
HMGB1,LGALS1,0.71,0.773809524
IL23A,MALT1,0.84,0.548402446
IL23R,IGKV1-9,0.78,0.663101604
CRTAM,FOXP3,0.7,0.506037152
CRTAM,PTPN22,0.87,0.518774704
CRTAM,XCL2,0.78,0.695880326
DOCK2,DOCK8,0.85,1
DOCK2,NCKAP1L,1,1
DOCK2,PTPRC,1,0.88
DOCK2,IKZF1,0.8,0.876435407
DOCK2,PIK3CG,0.92,0.935344203
DOCK8,IKZF1,0.83,0.50192577
DOCK8,SYK,0.82,0.751668217
SCRIB,CBFB,0.8,0.673744019
SCRIB,DGKZ,0.73,0.612066388
SCRIB,CYRIB,0.96,0.625340909
SCRIB,RIPK2,0.92,0.533143939
SCRIB,PRR7,0.74,0.85741688
SCRIB,TRAF2,0.71,0.728500172
SCRIB,ZC3H8,0.74,0.726616787
APLF,GPI,0.77,0.619452751
APLF,CDK6,0.71,0.782670455
APLF,RC3H1,0.87,0.539005468
APLF,IL15,0.8,0.683971292
APLF,PVR,0.73,0.860994398
APLF,DENND1B,0.88,0.523197817
APLF,DYNC1H1,0.72,0.607189542
CD55,IGFBP2,0.7,0.64813919
CD55,ZP3,0.78,0.588184476
CGAS,DCLRE1C,0.7,0.708333333
CGAS,EXOSC3,0.95,0.927083333
CGAS,CYRIB,0.82,0.720308924
CGAS,JMJD6,0.87,0.673734629
CGAS,SMAP1,0.92,0.765590062
DNAJB9,CAPZA2,0.74,0.605757654
DNAJB9,IL1R1,0.75,0.824950397
DNAJB9,CLEC4A,0.71,0.526266754
DNAJB9,HSPH1,0.75,0.872619048
DNAJB9,SELENOK,0.99,0.89375
GPI,PKN1,0.87,0.574745906
GPI,G6PD,0.89,0.698596014
GPI,AP1S2,0.77,0.82202381
GPI,EXOSC3,0.72,0.755908613
GPI,LOXL3,0.71,0.688531992
HFE,DUSP22,0.82,0.693722944
HFE,MICA,0.93,0.591287879
HFE,IL18,0.95,0.66259058
HFE,BTN3A1,0.94,0.671401515
HFE,IL27RA,0.72,0.552631579
HFE,PPP2R3C,0.78,0.625229741
HFE,PTPN6,0.78,0.667133031
IGKC,IGKV1-17,0.94,0.994791667
IGKC,IGKV2D-28,0.89,0.938688123
IGKC,IGLV2-14,0.91,0.97826087
IGKC,TNFRSF13B,0.76,0.572807018
IGKC,PRDM1,0.83,0.81751798
IGKC,SELENOK,0.78,0.599652778
IGKC,IGKV1-6,0.97,1
IGKC,IGKV1-9,0.99,1
IGKC,IGLV1-40,0.92,0.97826087
IGKC,TNFRSF17,1,0.97
IGKV1-17,CCR9,0.8,0.610912698
IGLV2-14,IGLV1-40,0.85,0.770042696
NR4A3,CD83,0.8,0.801786664
NR4A3,EGR3,0.99,0.929583333
NR4A3,SRF,0.85,0.929011387
NR4A3,ABL1,0.81,0.763755981
NR4A3,ARG2,0.74,0.908134921
NR4A3,PELI1,1,0.93
NR4A3,ZFP36,0.79,0.89356203
PKN1,SLC39A3,0.94,0.647644928
TCIRG1,SCRIB,0.76,0.534526854
TCIRG1,NFKBID,0.71,0.555618687
TCIRG1,RIPK3,0.74,0.817883557
TCIRG1,GNRH1,0.86,0.592937383
TCIRG1,PTPN6,0.78,0.887171765
ACVR1B,RAB5B,0.78,0.62990395
ACVR1B,IL27RA,0.74,0.677064765
ACVR1B,LMBR1L,0.98,0.714166667
ALAS2,SLC4A1,1,0.985
ATP5IF1,ISG15,0.82,0.608928571
ATP5IF1,PSME3,0.72,0.603125
ATP5IF1,BCL10,0.7,0.786114336
ATP5IF1,SOCS1,0.71,0.907894737
ATP5IF1,CXADR,0.7,0.663194444
ATP5IF1,TNFRSF14,0.85,0.627931097
ATP5IF1,RHOA,0.74,0.863594188
ATP5IF1,SELENOK,0.95,0.745984848
ATP5IF1,PHPT1,0.95,0.830615942
BRD1,MYH9,0.8,0.563283208
BRD1,CEBPB,0.7,0.961111111
BRD1,IL31RA,0.85,0.677239975
BRD1,PRELID1,0.83,0.760064564
BRD1,ZMIZ1,0.87,0.635960145
G6PD,CD99L2,1,0.8
G6PD,SRC,0.75,0.655116959
HSPA9,PSMD11,0.79,0.720739348
HSPA9,HSPD1,1,0.93
HSPA9,DNAJA3,0.76,0.630952381
HSPA9,CD99L2,0.75,0.810599415
HSPA9,TCF7,0.81,0.839540362
HSPA9,FBXO38,1,0.68
HSPA9,PRELID1,0.78,0.687053571
ISG15,IFNL1,1,0.9
ISG15,LGALS9,0.76,0.761339009
ISG15,STAT1,0.82,0.6860085
ISG15,SAMHD1,0.86,0.942099567
ISG15,PSME2,0.77,0.559429825
ISG15,RSAD2,1,0.79
AP2A1,KDELR1,1,0.56
AP2A1,PRKD2,1,0.98
AP2A1,TGFB1,0.83,0.583810935
AP2A1,RELB,0.88,0.690340909
ARF1,CBFB,0.98,0.570416667
ARF1,DNAJA3,0.89,0.631093544
ARF1,ZBTB7B,0.9,0.867992424
ARF1,ITPKB,0.8,0.534241855
ARF1,SEC31A,0.8,0.61325188
ARF1,SOX12,0.73,0.718005952
ARF1,NCSTN,0.93,0.763134058
CAPZA2,AP2A1,0.84,0.584756729
CAPZA2,TMEM176A,0.74,0.808531746
CAPZA2,CAV1,0.93,0.89243083
CAPZA2,TMEM176B,0.73,0.972794118
CAPZA2,GNL1,0.72,0.929618336
CTSH,IL4,0.72,0.667870657
CYBB,NLRP3,0.8,0.78319378
CYBB,HAVCR2,0.73,0.863970588
CYBB,PTPRC,0.88,0.50530303
CYBB,LILRB2,0.76,0.625060386
FCGR1A,IL2RA,0.84,0.653565113
FCGR1A,IL10,0.84,0.630952381
FCGR1A,CTSS,0.76,0.933270677
FCGR1A,FCGR1B,1,1
PSMD11,G6PD,0.79,0.756054539
PSMD11,PSME3,1,0.94
PSMD11,PAK1,0.93,0.934664032
PSMD11,FBXO38,0.78,0.585504202
PSMD11,TNFSF9,0.82,0.700515493
PSMD11,SOD1,0.92,0.531208827
PSME3,AP2A1,0.85,0.624675325
PSME3,CSK,0.82,0.546590909
PSME3,STAT5B,0.97,0.576721014
PSME3,STAT3,0.99,0.707083333
PSME3,SEC31A,0.75,0.628968254
RAB5B,STAT6,0.97,0.896974638
RAB5B,SMAP1,0.9,0.875059524
RAB5B,DCTN2,0.76,0.567190034
RAB5B,LMBR1L,0.92,0.65625
RAB7A,PSMD11,0.82,0.570454545
RAB7A,RAB5B,0.9,0.526406926
RAB7A,SRF,0.84,0.786038961
RAB7A,PPP3CB,0.8,0.752788221
RAB7A,ZP3,0.71,0.818627451
BATF,BTN3A1,0.89,0.57492236
CTNNBL1,CDK6,1,0.64
CTNNBL1,PSMF1,0.91,0.702775033
CTNNBL1,STAT3,0.71,0.799235304
CTNNBL1,SRC,1,0.71
CTNNBL1,GNL1,0.89,0.675730519
DCLRE1C,SMAD7,0.78,0.578185046
EXOSC3,IFNB1,0.83,0.553679654
PRKDC,SCRIB,0.96,0.760199275
PRKDC,LYN,0.97,0.741666667
PRKDC,PTPN11,0.82,0.866855049
PRKDC,DYNC1H1,0.9,0.848067241
PRKDC,PMS2,0.93,0.978713768
PRKDC,MTOR,0.94,0.502678571
PRKDC,RC3H2,0.82,0.840658464
RNF8,SRF,0.99,0.535416667
RNF8,DUSP22,0.77,0.501984127
RNF8,GNL1,0.91,0.701904762
BPI,SLC46A2,0.7,0.809539474
CCL3,IL1B,0.95,0.59057971
CCL3,CD83,0.95,0.737934783
CCL3,EGR3,0.83,0.737240829
CCL3,ZFP36,0.71,0.66337535
GABPA,G6PD,0.78,0.538520265
GABPA,CXADR,1,0.9
GABPA,STARD7,0.83,0.650865801
HOXA5,DROSHA,0.75,0.774342105
HOXA5,ADORA2A,0.73,0.777777778
HOXA5,TBX21,0.81,0.786273923
ID2,LEF1,0.77,0.617271119
ID2,BCL2,1,0.755
ID2,SMAD7,0.91,0.658802701
TMEM176A,IHH,0.83,0.617167519
TMEM176A,TMEM176B,1,1
TMEM176A,WNT4,0.71,0.666914683
TMEM176A,SYK,0.84,0.659804567
TNFAIP3,IL6,0.79,0.783416876
TNFAIP3,NLRP3,0.89,0.525668172
TNFAIP3,PRDM1,0.96,0.647246377
TNFAIP3,IL18R1,0.75,0.939593301
TNFAIP3,RIPK2,0.73,0.621001032
TNFRSF13B,BLK,1,0.98
CD300A,CD1D,0.72,0.670098039
CD300A,CLEC4D,0.74,0.542261905
CD300A,FCGR2B,0.99,0.758333333
CD300A,SLC11A1,0.9,0.743588839
CD300A,CD80,0.74,0.537593985
CD300A,TNF,0.8,0.79047619
CD300A,SLC12A2,0.71,0.834722222
CD83,BTN2A2,0.85,0.551029748
CD83,AP2A1,0.7,0.602777778
CD83,IL2RA,0.73,0.598641211
HLA-E,HLA-DPA1,0.94,0.925724638
HLA-E,HLA-DPB1,0.8,0.925299043
HLA-E,GNL1,0.8,0.88673388
NLRP3,IL1B,0.99,0.67625
AKT1,RNF8,0.91,0.657320487
AKT1,PSEN1,0.79,0.57202381
AKT1,JAG2,0.87,0.597402597
AKT1,ZBTB7B,0.97,0.504076087
AKT1,DYNC1H1,1,0.7
AKT1,PSME2,0.72,0.58837535
CD81,IGFBP2,0.76,0.751702786
CD81,CXCL16,0.77,0.912907268
CD81,MSN,0.84,0.584161491
CD81,PDIA3,0.9,0.682700452
FYN,ICAM1,0.94,0.638257576
FYN,ADORA2A,0.74,0.594510898
FYN,CD1B,0.72,0.571413982
FYN,SLC4A1,0.86,0.711643239
ICOS,CD28,0.73,0.726167441
ICOS,CCR4,0.84,0.672006102
ICOS,TIGIT,0.91,0.518127706
ICOS,CTLA4,1,0.82
LYN,ANXA1,0.87,0.502667984
LYN,BCL3,0.74,0.565333677
PTPN11,RAB5B,0.92,0.52820911
PTPN11,CDK6,0.7,0.846776101
PTPN11,VAMP3,0.7,0.911458333
PTPN11,NSD2,0.88,0.722916667
ACOD1,LAG3,0.7,0.674148607
ACOD1,IL27,0.79,0.541993571
ACOD1,IL21,0.99,0.510833333
BLK,BANK1,0.92,0.891633729
BLK,TNFRSF13C,1,0.99
BLK,CR1,0.81,0.934210526
HAVCR2,CD300A,0.88,0.93005176
HAVCR2,CD86,1,0.995
HAVCR2,GPNMB,0.74,0.829299812
HAVCR2,SLC11A1,0.79,0.861497326
HAVCR2,FCER1G,1,0.68
HAVCR2,PTCRA,0.95,0.852246377
HAVCR2,IL10,0.79,0.986842105
IL2RA,NLRP3,0.7,0.500892857
IL2RA,CLEC4G,0.86,0.860930736
IL2RA,CD1D,0.76,0.732085561
IL2RA,SLA2,0.79,0.503373016
IL2RA,CR1,0.99,0.777916667
TGFBR2,VSIR,0.75,0.635213033
TGFBR2,DROSHA,0.75,0.701713723
TGFBR2,HHLA2,0.74,0.552631579
TGFBR2,IL6ST,0.7,0.535087719
TGFBR2,RHOA,0.94,0.768073123
TGFBR2,OXSR1,0.92,0.692805383
CD160,IL23R,0.75,0.552711435
CD46,CD55,0.94,0.569746377
CD46,ARF1,0.96,0.57432971
CD46,CD74,0.72,0.500773994
CD46,DENND1B,0.8,0.547525063
CD46,KIT,0.77,0.772222222
CD46,MARCHF7,0.77,0.507236842
FGL2,IGFBP2,0.7,0.833479532
FGL2,RASGRP1,0.73,0.754960317
FGL2,FBXO38,0.85,0.655989034
FGL2,CLC,0.85,0.720235619
FGL2,RSAD2,0.78,0.784722222
FGL2,SPNS2,0.83,0.659509569
FGL2,ITGA4,0.85,0.63181391
IFNL1,IFNB1,0.7,0.613164345
PCK1,LGALS14,0.73,0.743382353
BCL11B,ADAM17,0.82,0.512787724
BCL11B,LEF1,0.76,0.961111111
CDK6,IL23A,0.7,0.772277661
CDK6,CAV1,0.73,0.711472308
CDK6,SRF,0.78,0.812960844
CDK6,LOXL3,0.73,0.714880952
CDK6,PPP2R3C,0.7,0.84001978
CLPTM1,NECTIN2,1,0.99
CLPTM1,PRKD2,0.71,0.611111111
CLPTM1,PVR,1,0.99
CLPTM1,RELB,0.99,0.678333333
GLI3,IGFBP2,0.81,0.849098124
GLI3,HLX,0.74,0.690286378
IHH,IL23R,0.85,0.62874714
IHH,TOX,0.76,0.59047619
IHH,SRC,0.78,0.767499296
IL1A,IL1B,0.95,0.710824275
IL1A,ADAM17,0.78,0.766696152
IL1A,ZC3H12A,0.95,0.789673913
IL1A,IL20RB,0.82,0.958376467
SRF,GNL1,0.93,0.704393939
CD86,CD300A,0.9,0.758781526
CD86,FCGR2B,0.84,0.893398268
CD86,CD80,1,1
CD86,PTCRA,0.91,0.779310183
CD86,GPR183,0.84,1
CLEC4G,CD1B,0.77,0.807505981
CLEC4G,XCL2,0.71,0.829934211
CLEC4G,CR1,0.9,0.837121212
NFKBID,GPI,0.87,0.862012987
NFKBID,NFKBIZ,0.88,0.931230002
NFKBID,TNFRSF14,0.99,0.6875
NFKBID,STK11,0.95,0.979583333
NFKBID,ZFP36,0.7,0.606031777
NFKBID,GNRH1,0.7,0.762225877
NFKBID,LMBR1L,0.93,0.924818841
ABL1,CTSL,0.85,0.541666667
ABL1,ITPKB,0.77,0.517201426
ABL1,TSC1,0.92,0.554347826
BCL3,BCL6,0.76,0.65870743
BCL3,CEBPB,0.85,0.837014411
BCL3,RELB,0.99,0.515416667
FOXP3,ICOS,0.92,0.54375
FOXP3,CCR4,0.73,0.574561404
PSAP,GPNMB,0.86,0.557900433
PSAP,PPP3CB,0.88,0.613349282
PSAP,NCSTN,0.89,0.526590909
CD27,IGKC,1,0.75
CD27,TNFRSF13B,0.99,0.839166667
CD27,LY9,1,0.85
CD27,IRF4,0.7,0.958088235
CD27,HLA-DOB,0.85,0.9875
CD27,TNFRSF17,0.75,0.768204365
PRKCZ,EZR,0.76,0.508040936
PRKCZ,KIT,0.89,0.70701581
FOXJ1,IDO1,0.73,0.863643791
FOXJ1,SCGB1A1,0.98,0.812826087
FOXJ1,MAPK8IP1,0.95,0.883409091
FOXJ1,IL12A,0.75,0.910606061
FOXJ1,MYB,0.85,0.798783644
FOXJ1,FLOT2,0.77,0.743283677
FOXJ1,SAMHD1,0.75,1
FOXJ1,PRR7,0.96,0.928095238
GPNMB,RAB7A,0.8,0.523015873
GPNMB,CTSS,0.95,0.768387681
PDE5A,PTGER4,0.94,0.712862319
PDE5A,ZEB1,0.98,0.722916667
SCGB1A1,NFATC2,0.75,0.860469188
SCGB1A1,HSPH1,0.96,0.852878788
SCGB1A1,RIPOR2,0.71,0.802115583
SCGB1A1,SAMHD1,0.95,0.96875
SCGB1A1,IL7,0.89,0.811664784
CD1C,HLA-DOA,0.77,0.752047398
CD1C,FCGR1A,0.73,0.544607843
CD1C,CD1D,0.9,0.922348485
CD1C,FUT7,0.92,0.726058136
CD1C,SPN,0.7,0.615667846
CD1C,CORO1A,0.7,0.611215539
CD1C,AIF1,0.89,0.683712121
CD1C,CD1B,1,1
CD1C,MR1,0.7,0.883680556
CD1C,CLEC4A,0.91,0.726984519
FUT7,NOD2,0.85,0.70798445
ATP7A,G6PD,0.98,0.500833333
ATP7A,RNF8,0.75,0.657894737
ATP7A,PTPN22,0.76,0.574082264
ATP7A,RAB29,0.78,0.650385433
SEMA4A,AP1S2,0.71,0.879293404
SEMA4A,TOX,0.75,0.664880952
CLEC4D,CLEC4E,0.89,0.988636364
CLEC4D,IL10,0.73,0.596992481
CLEC4E,FCGR2B,0.7,0.556195175
CLEC4E,RELB,0.93,0.605328675
EOMES,CRTAM,0.91,0.528203228
EOMES,IL18RAP,0.83,0.52254277
CD3E,FOXP3,0.87,0.932981602
CD3E,GPR174,0.71,0.816004472
CD3E,SLAMF6,0.89,0.741318464
CD3E,ITGAL,0.79,0.59142316
CD3E,CD3D,1,0.72
CD3E,CCL5,0.89,0.888908103
CD3E,CXCR3,0.7,0.986111111
CD3E,IKZF1,0.87,0.762401186
CD3E,TIGIT,0.96,1
CD3E,LCK,0.7,0.986842105
CD3E,SLA2,0.85,0.861770595
CD3E,SH2D1A,0.81,0.686778499
CD3E,CD3G,0.87,0.918972022
CD3E,UBASH3A,0.93,0.548089592
CD3E,PIK3CG,0.84,0.923654244
GBP1,IFNG,0.95,0.566702899
GBP1,CD274,0.95,1
GBP1,CXCL10,1,0.99
GBP1,IL18R1,0.77,0.693831699
GBP1,MAFB,0.77,0.544729691
GBP1,STAT1,0.99,1
GBP1,SAMHD1,0.7,0.811391223
GBP1,PSME2,0.87,0.941558442
GBP1,CXCL11,0.93,1
NFKB1,IL4R,0.79,0.520467836
NFKB1,ELF1,0.95,0.713550725
NFKB1,LOXL3,0.75,0.665935673
NFKB1,SEC31A,0.9,0.66567029
NFKB1,PELI1,0.74,0.710411976
NFKB1,RELB,0.99,0.6375
NFKB1,PTPRJ,0.71,0.504459064
NFKB1,CASP3,0.83,0.806134655
NFKBIZ,PVRIG,0.75,0.813544892
PSMF1,PRNP,1,0.58
PSMF1,SHLD1,1,0.93
PSMF1,SOX12,1,0.7
SPN,CCL3,0.71,0.567692669
SPN,CD83,0.78,0.968864469
SPN,NLRP3,0.7,0.654712762
SPN,CD1D,0.76,0.948065476
SPN,JAML,1,1
SPN,CLEC4A,0.8,0.589740896
SPN,TNF,0.73,0.798413313
SPN,PTPN6,0.81,0.960511364
IFNG,ACOD1,0.73,0.609328929
IFNG,LAG3,0.98,0.91
IFNG,CCL26,0.74,0.893274854
IFNG,IL18RAP,0.91,0.922924901
IFNG,PRF1,0.8,0.88640161
IFNG,ZNF683,0.97,0.515416667
IL4R,DNAJA3,0.94,0.566187418
IL4R,KCNN4,0.79,0.583074163
NCKAP1L,CYBB,1,1
NCKAP1L,HAVCR2,0.98,0.825833333
NCKAP1L,PSAP,0.87,0.95326087
NCKAP1L,SPN,0.99,0.87875
NCKAP1L,GIMAP8,0.9,1
NCKAP1L,SASH3,0.71,0.661039087
NCKAP1L,APBB1IP,0.77,0.974206349
NCKAP1L,SAMHD1,0.98,1
NCKAP1L,SYK,0.7,1
NCKAP1L,P2RX7,0.78,0.986842105
NCKAP1L,CR1,0.76,0.9875
ADA,RAG1,0.75,0.614181287
ADA,NRARP,0.71,0.731652661
BCL10,MYH9,0.97,0.514583333
BCL10,LGALS3,0.76,0.549458204
BCL10,PTPN22,0.74,0.52994066
BCL10,PMAIP1,0.94,0.563913043
CYLD,CBFB,0.98,0.725652174
CYLD,BCL11B,0.85,0.518398268
CYLD,ATP7A,0.72,0.874408848
CYLD,RC3H1,0.72,0.552631579
CYLD,CCR6,0.73,0.568435635
CYLD,NOD2,0.98,0.682916667
DGKZ,AP2A1,0.76,0.782931287
DGKZ,MAPK8IP1,0.92,0.673213109
DGKZ,MDK,1,0.65
DUSP22,TWSG1,0.72,0.565508901
DUSP22,PRR7,0.71,0.731472523
EZR,VAMP3,0.75,0.54744152
EZR,STX7,0.99,0.645416667
RC3H1,FOXP1,0.7,0.889676113
RC3H1,BRD1,0.97,0.588007246
RC3H1,EXOSC6,0.75,0.815557276
RC3H1,PSAP,0.71,0.74630203
RC3H1,NFKBIZ,0.77,0.840803546
RC3H1,PTPN2,0.71,0.9125
RC3H1,GPR18,0.96,0.811902174
RC3H1,DENND1B,1,0.69
RC3H1,PAK2,0.75,0.694663743
RC3H1,MARCHF7,0.86,0.65048367
RC3H1,ZFP36L1,0.72,0.841346012
RC3H1,GNRH1,1,0.54
RC3H1,ZBTB1,0.89,0.904583333
RC3H1,TRAF6,0.92,0.857666337
CD274,ANXA1,0.85,0.885957483
CD274,EXOSC3,0.85,0.798917749
CD274,TBX21,0.96,0.570887681
CD274,HIF1A,0.85,0.847593168
HLA-DPB1,HLA-DOA,1,0.83
HLA-DPB1,CD74,1,0.98
HLA-DPB1,PRF1,0.82,0.755808081
HLA-DPB1,HLA-DRA,1,0.99
HLA-DPB1,HLA-DQB2,0.75,0.932430341
HLA-DPB1,HLA-DOB,0.81,0.941075515
IL6ST,CCR2,0.72,0.705444678
IL6ST,GABPA,0.73,0.605340557
IL6ST,SEMA4A,0.72,0.542013889
IL6ST,TOX,0.88,0.695463956
IL6ST,IL31RA,0.97,0.557083333
IL6ST,FBXO38,0.82,0.773989899
IL6ST,ZBTB16,0.73,0.559649123
CSK,RUNX3,0.74,0.820170455
CSK,ADAM10,0.83,0.536327231
CSK,ADA,0.82,0.667388167
CSK,DGKZ,0.88,0.873329569
CSK,IL6ST,0.74,0.589156715
CSK,CD99,0.77,0.678454715
CSK,RAC2,0.77,0.669082126
CSK,PTPN6,0.71,0.519607843
CSK,TMEM102,0.75,0.764756016
HSPD1,PSME3,0.86,0.743271222
HSPD1,PTPN11,0.89,0.559509569
HSPD1,HSPH1,0.92,0.815612648
HSPD1,STAT1,0.72,0.715873016
HSPD1,MARCHF7,0.76,0.564210358
HSPD1,ZC3H8,0.85,0.550550144
ARG2,LEF1,0.75,0.700328947
IL2,HLA-DMB,0.83,0.55960213
LGALS9C,IHH,0.75,0.75875496
LGALS9C,CSK,0.86,0.953416149
LGALS9C,LGALS9B,1,0.83
BCL2,CAMK4,0.83,0.91703691
CD74,CD81,0.72,0.510405054
CD74,FBXO38,0.95,0.538496377
IL15,TMEM131L,0.87,0.706495735
HLX,PTGER4,0.78,0.900451887
HLX,ITM2A,0.76,0.829459064
HLX,PDE4B,0.8,0.949820574
HLX,CAMK4,0.72,0.9875
HLX,LRCH1,0.82,0.891882702
HLX,ITGA4,0.79,0.889267677
RUNX1,DROSHA,0.7,0.6106934
RUNX1,IGFBP2,0.84,0.729241582
RUNX1,NFATC2,0.75,0.693343653
RUNX1,PELI1,0.99,0.6375
TBX21,CXCR3,0.85,0.652030892
HLA-F,HLA-E,0.9,0.699604743
LILRB1,ACOD1,0.86,0.67958186
LILRB1,LILRB4,0.99,1
LILRB1,LILRB2,1,0.96
KDELR1,CLPTM1,0.71,0.511458333
KDELR1,CEACAM1,0.79,0.566985646
KDELR1,PRKD2,0.95,0.672789855
KDELR1,DDOST,0.82,0.523809524
SLC11A1,TCIRG1,0.94,0.511775362
SLC11A1,IL27,0.78,0.717742272
SLC11A1,GIMAP8,0.85,0.716450216
SLC11A1,PLA2G2D,0.84,0.746590909
FAS,ANXA1,0.91,0.617310606
FAS,LYN,0.76,0.543055556
FAS,IL15,0.94,0.57085639
FAS,MALT1,0.71,0.674591503
FAS,IL27RA,0.76,0.662488329
GIMAP8,ITM2A,0.9,0.833686241
GIMAP8,HLA-E,0.77,0.827757353
GIMAP8,TGFBR2,0.96,0.958297101
GIMAP8,TNFSF4,0.84,0.624873737
GIMAP8,IL7R,0.73,0.624177632
GIMAP8,WNT5A,0.77,0.932908809
GIMAP8,LRRC32,1,0.61
HIF1A,CCL20,0.9,0.541607143
HIF1A,PMAIP1,0.9,0.523715415
FZD5,MERTK,0.74,0.712221731
FZD5,PRKCZ,0.82,0.62985589
FZD5,SRC,0.91,0.616106719
HLA-A,APLF,0.75,0.573115079
HLA-A,HLA-F,0.98,0.5175
MALT1,SMAD7,0.74,0.582480818
SASH3,CD1D,0.84,0.988095238
SASH3,CORO1A,1,0.76
SASH3,GPR18,0.99,0.697916667
SASH3,KLRC4-KLRK1,0.7,0.631987444
TNFSF4,FOXP3,0.8,0.60778032
TNFSF4,PTPN22,0.8,0.75297619
TNFSF4,TWSG1,0.76,0.923611111
TNFSF4,VCAM1,1,0.87
CD80,ICOS,0.89,0.821486461
CD80,IL2RA,0.91,0.822546113
CD80,CLEC4G,0.77,0.690612561
CD80,IL27,0.73,0.848611111
CD80,CLEC4A,0.98,0.714583333
CD80,CTLA4,0.8,0.802911264
ZC3H12A,TNFAIP3,0.99,0.767916667
ZC3H12A,NFKBIZ,0.94,0.567098155
ZC3H12A,IL4R,0.73,0.749201575
ZC3H12A,VNN1,0.73,0.577631579
LGALS9B,SHH,0.92,0.799880599
B2M,CTSS,0.71,0.913970588
B2M,SNAP23,0.99,0.818333333
B2M,VAMP3,0.75,0.846428571
B2M,IL7,0.74,0.972953216
IL1R1,STAT3,0.99,0.727083333
BMP4,TGFBR2,0.75,0.589285714
BMP4,LEF1,0.83,0.692653509
BMP4,PRF1,0.77,0.791562239
BMP4,SMAD7,0.72,0.779683165
BCL2L11,NCK2,0.72,0.723783644
CORO1A,NLRP3,0.79,0.579166667
CORO1A,FUT7,1,0.915
CORO1A,CSK,0.86,0.977272727
CORO1A,PIK3CD,0.87,0.756352343
DNAJA3,STAT6,0.74,0.608322276
GPR174,CCR7,0.74,0.711615896
GPR174,CXCL13,0.73,0.694582043
GPR174,NLRP3,0.84,0.644464835
GPR174,IFNG,0.7,0.559027778
GPR174,GPR18,0.91,0.968297101
GPR174,IL18RAP,0.75,0.77577243
GPR174,IL21,0.7,0.869917441
LGALS9,AP1S2,0.78,0.59619883
PPP3CB,KIT,0.78,0.609365325
RAG1,XCL1,0.97,0.907083333
SLC39A3,STK11,0.98,0.5425
SLC39A3,AP3D1,1,0.6
CXADR,SOD1,0.78,0.529572036
CXADR,VAMP3,0.79,0.70478279
JAML,CD1D,0.75,0.818449198
JAML,SLC11A1,0.95,0.988636364
JAML,PTCRA,0.99,0.99
JAML,CR1,0.81,0.637503045
MICA,SKAP1,0.8,0.588815789
STAT5B,CD99L2,0.85,0.674082935
STAT5B,SKAP1,0.95,0.590340909
SHH,TGFBR2,0.97,0.918636364
SHH,RC3H1,0.73,0.609520124
SHH,BCL2L11,0.7,0.923264042
SHH,CXADR,0.86,0.932116977
SHH,SH3RF1,0.87,0.894433465
SHH,ZFPM1,0.99,0.87875
SHH,CD5,0.78,0.959064327
SHH,IL7,0.85,0.951785714
SLAMF6,IGKC,0.88,0.941809006
SLAMF6,ICOS,0.77,0.774324124
SLAMF6,BLK,0.72,0.958581349
SLAMF6,CD27,0.81,0.948953824
SLAMF6,EOMES,0.79,0.724498747
SLAMF6,TESPA1,0.77,0.691176471
SLAMF6,ITK,1,0.69
SLAMF6,PRDM1,0.91,1
SLAMF6,KLRC4-KLRK1,0.82,0.733831738
PTPRC,CD86,0.79,0.62933403
PTPRC,GPR174,0.99,0.82875
PTPRC,IKZF1,0.92,0.740530303
PTPRC,IL21,0.71,0.733660131
PTPRC,ITGA4,0.92,0.965909091
PTPRC,PIK3CG,0.97,0.989583333
RASAL3,JAK3,0.87,0.522529644
RASAL3,TNFRSF13B,0.75,0.917810458
RASAL3,BLK,0.7,0.788450092
RASAL3,CORO1A,0.96,0.778876812
RASAL3,ITGAL,0.88,0.948151629
RASAL3,ZAP70,1,0.99
RASAL3,UBASH3A,0.97,0.61
MAPK8IP1,IGFBP2,0.72,0.542772833
MAPK8IP1,TOX,0.83,0.680314171
SH3RF1,ATP7A,0.74,0.597356443
SH3RF1,NFKB1,0.84,0.610119048
SH3RF1,BCL10,0.93,0.860054348
SH3RF1,NFATC2,0.71,0.87628999
SH3RF1,SEC31A,0.8,0.802517658
SH3RF1,ZFP36L2,0.79,0.875407268
SH3RF1,CASP3,0.99,0.747083333
SH3RF1,SLC12A2,0.73,0.932263815
HLA-G,HLA-F,0.91,0.65
HLA-G,IL27RA,0.86,0.850001424
IL12A,CASP3,0.82,0.633459596
NECTIN2,CEACAM1,0.8,0.773182957
NECTIN2,PVR,0.99,0.869583333
NECTIN2,SRC,0.71,0.697515848
AIF1,FCGR1A,0.84,0.517028986
AIF1,CD300A,0.9,0.680800631
AIF1,FUT7,0.9,0.734892344
AIF1,SLC11A1,0.81,0.8026921
AIF1,JAML,0.99,0.747083333
AIF1,LILRB4,0.87,0.747553171
AIF1,CLEC4A,1,1
AIF1,FCGR1B,0.77,0.575653595
PAK1,CTSC,0.84,0.750258799
PAK3,TMEM176A,0.74,0.669246032
PAK3,ITPKB,0.92,0.648056653
PAK3,SLC12A2,0.78,0.810066834
DUSP10,IL23A,0.75,0.653070175
DUSP10,VTCN1,0.97,0.582626812
NFATC2,SAMHD1,0.76,0.565084586
NFATC2,ZFP36L2,0.74,0.675595238
PLA2G2D,CLEC4E,0.89,0.708498024
TNFRSF14,TCIRG1,0.88,0.572320748
TNFRSF14,AKT1,0.71,0.660635965
TNFRSF14,GPNMB,0.93,0.504648033
TNFRSF14,RIPK3,0.7,0.929861111
TNFRSF14,PIK3CD,0.89,0.627587992
TNFRSF14,TSC1,0.86,0.861742424
CCR6,IL23R,0.9,0.590909091
CCR6,CCR4,0.7,0.621024989
CCR6,CD1C,1,0.57
CRK,CXCL16,1,0.56
CRK,TP53,0.7,0.585672515
CRK,TMEM102,0.99,0.54625
CXCL10,ACOD1,0.75,0.742892157
CXCL10,JAML,0.9,0.643774704
CXCL10,CXCL11,1,0.7
ITGAL,HAVCR2,0.89,0.735869565
ITGAL,SPN,1,0.85
ITGAL,NCKAP1L,0.91,0.635822511
ITGAL,GPR174,0.76,0.670833333
ITGAL,GPR18,0.94,0.925724638
ITGAL,CCR6,0.83,0.792099567
LILRB4,IL1B,0.78,0.504052998
LILRB4,CCL3,0.74,0.568860878
LILRB4,IL2RA,0.82,0.693181818
LILRB4,PLA2G2D,1,0.82
LILRB4,CTSS,0.73,0.930224458
PRKD2,KCNN4,0.83,0.574422717
RELA,PAK1,0.76,0.683514714
RPS3,SCRIB,0.73,0.601636667
RPS3,CD81,0.77,0.584194862
RPS3,LGALS1,0.71,0.985294118
RPS3,DFFA,0.97,0.844438406
ELF1,HMGB1,0.96,0.509130435
ELF1,CTSH,0.85,0.552489177
ELF1,SLC39A3,0.86,0.768514666
ELF1,LRCH1,1,0.83
PRNP,RAC2,0.77,0.515674603
FCER1G,FCGR1A,0.96,0.803297101
FCER1G,CD86,0.72,0.570433437
FCER1G,LILRB1,0.86,0.617704216
FCER1G,AIF1,1,0.57
FCER1G,LILRB4,0.84,0.6875
FCER1G,CLEC4A,0.9,0.90010352
FCER1G,LILRB2,0.97,0.804583333
PSEN1,BATF,0.87,0.522153209
PSEN1,LGALS3,0.95,0.547101449
PSEN1,NECTIN2,0.72,0.545518207
PSEN1,ZFP36L1,0.8,0.614174641
TOX,FOXP1,0.75,0.57443609
TOX,SATB1,0.83,0.51648011
CD3D,IFNG,0.81,0.638072082
CD3D,SH2D1A,0.91,0.546360343
CD3D,CD3G,0.75,0.766666667
JAG2,PRR7,0.94,0.786128364
STK11,AP3D1,0.99,0.807916667
CEBPB,BCL6,0.97,0.65
CEBPB,IRAK3,0.93,0.788307453
ELF4,NFATC2,0.77,0.500933707
MSN,MYH9,0.82,0.626984127
MSN,WNK1,0.73,0.685515873
MSN,TGFBR2,0.74,0.583463868
MSN,IL27RA,0.8,0.726817043
MSN,SHLD1,0.92,0.795354555
MSN,RAC2,0.96,0.583333333
VTCN1,IL6ST,0.78,0.583018207
VTCN1,LGALS9,0.76,0.790716374
VTCN1,SPNS2,0.92,0.671875
CD99,NCK2,0.78,0.676973684
CD99L2,IGFBP2,0.73,0.652529762
CRKL,GNL1,0.72,0.813304094
LY9,G6PD,0.75,0.561070261
RHOA,PPP3CB,0.96,0.749293478
RHOA,OXSR1,1,0.74
RHOA,VAMP3,0.92,0.626605731
MR1,ADAM10,0.7,0.587748016
MR1,STAT6,0.76,0.661131997
MR1,IL27RA,0.91,0.681035903
MR1,ZFP36L1,0.72,0.620607585
THEMIS,CCR7,0.72,0.677161654
THEMIS,GPR174,0.81,0.702849928
THEMIS,PTPRC,0.99,0.67625
THEMIS,CAMK4,0.75,0.939593301
THEMIS,IL18RAP,0.74,0.933359594
THEMIS,TIGIT,0.87,0.736730661
THEMIS,CD3G,0.97,0.916666667
ZAP70,NFKBID,0.73,0.896008403
ZAP70,ITK,0.91,0.672554348
ZAP70,IL18RAP,0.98,0.753913043
ZAP70,PDCD1,0.86,0.943181818
ZAP70,KLRC4-KLRK1,0.85,1
CCL5,ZNF683,1,0.87
PTCRA,AGER,0.96,0.781865942
IL7R,CD44,0.98,0.55125
IL7R,IL1B,0.73,0.691964286
IL7R,TNFAIP3,0.79,0.925704413
IL7R,GPR18,0.71,0.71505848
IL7R,CCR6,0.79,0.540772648
IL7R,PRDM1,0.8,0.701019737
RASGRP1,SEMA4A,0.89,0.515810277
RASGRP1,TNFSF9,0.82,0.5375
TESPA1,CCR7,0.93,0.882549407
TESPA1,GRAP2,0.86,0.803267928
TESPA1,ICOS,0.73,0.653004227
CLEC4A,CCR2,0.95,0.851449275
CLEC4A,HLA-DRA,0.96,0.832765152
CLEC4A,CLC,0.99,0.555
ZBTB7B,DFFA,0.75,0.655286417
ZBTB7B,NCSTN,1,0.92
TSC22D3,BCL6,0.79,0.885463659
TSC22D3,BCL3,0.86,0.641906644
TSC22D3,BCL2L11,0.81,0.933402881
TSC22D3,ITK,0.97,0.599166667
TSC22D3,ZFP36,0.97,0.531363636
TSC22D3,ZBTB16,1,0.955
AP3D1,PKN1,0.85,0.600811688
AP3D1,DNM2,0.99,0.7975
AP3D1,MDK,0.9,0.701086957
ITK,CCR4,1,0.65
ITK,SASH3,0.81,0.557231984
ITK,CD80,0.74,0.54894333
ITK,IL7R,1,0.87
ITK,IL18RAP,0.71,0.762254902
PRDM1,ZFP36L2,0.72,0.710702614
CCL20,IL1R1,0.72,0.654368765
CCL20,IRAK3,0.77,0.771026441
XCL2,XCL1,0.99,0.95
XCL2,CD160,0.92,0.60881917
MYB,IL23A,0.83,0.914862915
MYB,DGKZ,0.76,0.690225564
MYB,BCL2,0.83,0.734794372
MYB,KIT,0.81,0.812781955
MYB,RNF168,0.85,0.558843874
RARA,PPP3CB,0.75,0.54751462
RARA,SMAD7,0.85,0.597321429
DENND1B,ARF1,0.95,0.579257246
DENND1B,PTPN22,0.72,0.709649123
DENND1B,MR1,0.98,0.582916667
DENND1B,TCF7,0.7,0.57875817
IL18R1,ADAM8,0.91,0.801671607
IL18R1,HIF1A,0.82,0.827922078
IL18R1,LOXL3,0.7,0.739297106
IL18R1,IL18RAP,0.9,0.511363636
IL18RAP,IL15,0.77,0.768557423
IL18RAP,TMIGD2,0.96,0.708901515
IL18RAP,CTLA4,0.93,0.697916667
ITPKB,PSMF1,0.83,0.641404648
ITPKB,ARG2,0.76,0.868421053
ITPKB,BCL2,0.86,0.792234848
ITPKB,PPP2R3C,0.75,0.784237331
ITPKB,SLC12A2,0.77,0.852671451
OXSR1,PVR,0.76,0.905628655
OXSR1,SLC22A13,0.98,0.6125
FBXO38,BCL6,0.75,0.814782053
FBXO38,STK11,0.84,0.629419192
RIPK3,CEACAM1,0.73,0.56865942
RIPK3,STAT6,0.73,0.781432749
TWSG1,PTPN2,0.99,0.637083333
ICOSLG,PVR,0.77,0.655086245
ICOSLG,SLC12A2,0.77,0.6625
TNFSF9,IFNB1,0.76,0.500804094
PDCD1,LAG3,0.81,0.659950344
PDCD1,CARD11,0.88,0.683033857
PIK3CD,FYN,0.85,0.774512987
PAK2,RAB7A,0.99,0.6475
PAK2,PSEN1,0.75,0.708415033
PAK2,TFRC,0.81,0.855374396
PAK2,RNF168,0.83,0.668781328
PAK2,SLC7A1,0.83,0.798684211
PAK2,STARD7,0.81,0.858794466
TNFRSF13C,CXCL13,0.82,0.778535354
STAT6,DCTN2,0.94,0.532709157
STAT6,IRAK3,0.76,0.63968254
RIPK2,LYN,0.95,0.719047619
RIPK2,IL7,0.72,0.709761997
RAC1,DCLRE1C,0.8,0.594155844
RAC1,PMS2,1,0.7
SRC,NCK2,0.76,0.512266573
SELENOK,CSK,0.71,0.762583542
SELENOK,RPS3,0.85,0.771395881
SELENOK,CD3D,0.77,0.636211693
SELENOK,RHOA,0.91,0.812747036
SELENOK,HLA-DRA,0.71,0.94003268
SELENOK,MARCHF7,0.75,0.617260062
DDOST,PSAP,0.72,0.588380418
DDOST,MDK,0.95,0.914242424
DDOST,NCSTN,0.87,0.541196123
IRF4,ADORA2A,0.75,0.810894424
IRF4,IGLV2-8,0.92,0.652173913
PRELID1,PYCARD,0.72,0.667612659
PRELID1,PRR7,1,0.7
ZNF683,TNFSF14,0.78,0.872180451
ZNF683,IL15,0.72,0.927083333
ZNF683,XCL2,0.85,0.836038961
ZNF683,TMIGD2,0.78,0.907576346
ZMIZ1,PPP3CB,1,0.7
ZMIZ1,ELF4,0.77,0.60869453
IL27RA,PTPN22,0.86,0.600946536
IL27RA,SMAP1,0.74,0.974342105
IL27RA,TGFB1,0.76,0.552631579
IL27RA,TMEM131L,0.84,0.820338891
IL27RA,ZP3,0.74,0.519818568
IL27RA,SLC12A2,0.73,0.837719298
PYCARD,XCL2,0.72,0.513071895
PYCARD,BTN3A1,0.85,0.505411255
PYCARD,SKAP1,0.77,0.776493931
MIF,FOXP1,0.82,0.732906872
MIF,SLC39A3,0.82,0.546875712
MIF,CRKL,0.95,0.556286232
MIF,ZP3,0.73,0.837654799
DHX36,RAB7A,0.74,0.729102167
DHX36,PRKDC,0.85,0.512383974
DHX36,FZD5,0.85,0.903869048
DHX36,PAK2,0.88,0.531966403
DHX36,RNF168,0.86,0.80208451
DHX36,PIK3CA,0.99,0.62625
IL10,CCL3,0.93,0.667689394
IL10,EGR3,0.71,0.681004902
IGLV1-40,CD1D,0.73,0.807886905
IGLV1-40,PRDM1,0.82,0.684429825
SUPT6H,ICAM1,0.71,0.651955409
SUPT6H,BRD1,0.93,0.590335968
SUPT6H,PSMD11,1,0.52
SUPT6H,STAT5B,0.97,0.835724638
SUPT6H,RARA,0.78,0.853174603
SUPT6H,FLOT2,1,0.61
SUPT6H,TSC1,0.72,0.621936275
MAFB,CTSH,0.8,0.87612782
MAFB,IL2RA,0.75,0.649945175
MAFB,SEC31A,0.7,0.750326797
MAFB,LGALS1,0.78,0.777189137
SOD1,GABPA,0.96,0.512554348
IKZF1,RUNX3,0.9,1
IKZF1,CYBB,0.74,0.51524864
IKZF1,BCL11B,0.93,1
IKZF1,SASH3,0.89,0.772978642
IKZF1,SLAMF6,1,0.56
IKZF1,NFATC2,0.87,1
IKZF1,CCR6,0.94,0.935688406
IKZF1,ZAP70,0.84,0.524404762
IKZF1,TESPA1,1,0.98
JMJD6,PDCD1,0.78,0.622280132
JMJD6,TP53,0.94,0.600654762
SMAP1,STX7,0.93,0.612318841
DCTN2,IL23A,0.75,0.684085213
PDIA3,PKN1,0.81,0.547337547
PDIA3,DNM2,0.72,0.620394737
PDIA3,LGALS3,0.83,0.634559885
PDIA3,DNAJA3,0.75,0.508099083
PDIA3,DDOST,1,0.52
PDIA3,NCSTN,0.85,0.670503953
SNAP23,BCL10,0.74,0.593402778
SNAP23,JAG2,0.84,0.70097514
DYNC1H1,LYN,0.8,0.630637255
DYNC1H1,ABL1,0.76,0.7625
DYNC1H1,SNAP23,0.71,0.706605976
HLA-DRA,HLA-DMB,1,1
HLA-DQB2,HLA-DQA2,0.82,0.5375
HLA-DQB2,IL27RA,0.72,0.796527778
PSMD6,OXSR1,0.95,0.581758893
PSMD6,SELENOK,1,0.67
PSMD6,PELI1,0.82,0.824179293
PSMD6,SATB1,0.71,0.807646478
SEC31A,STAT5B,0.77,0.531958573
SEC31A,RELA,0.86,0.781055901
SEC31A,AP3D1,0.77,0.778571429
SEC31A,SLC12A2,0.91,0.669672266
DCTN1,CD81,0.88,0.568699417
DCTN1,STAT3,0.78,0.563909774
TAPBP,PDCD1,0.75,0.690825535
PMS2,JAG2,0.82,0.517676768
PMS2,KIT,0.77,0.530806182
PMS2,NCK2,0.79,0.668594039
TP53BP1,PTPN11,0.72,0.558862229
TP53BP1,MAPK8IP1,0.75,0.893253968
TP53BP1,AP3D1,0.79,0.854166667
TP53BP1,PDIA3,0.98,0.836666667
TP53BP1,SNAP23,1,0.87
TP53BP1,SEC31A,0.77,0.856307435
TP53BP1,PMS2,0.97,0.770996377
TP53BP1,MTOR,1,0.8
TP53BP1,SATB1,0.9,0.788502259
TP53BP1,SOX12,0.73,0.95751634
NSD2,CD81,0.85,0.933911483
NSD2,OXSR1,0.78,0.678853383
NSD2,FANCA,1,0.99
RNF168,TFRC,0.84,0.661946987
LTF,CD1B,0.82,0.596291866
LTF,ZFPM1,0.76,0.669255051
TNF,IL23A,0.84,0.948807932
TNF,CLEC4D,0.74,0.633169935
TNF,RELA,0.87,0.780438312
TNF,CLEC4A,0.72,0.792140152
TNF,PRDM1,0.84,0.712669024
TNF,CCL20,0.75,0.794082466
MARCHF7,HMGB1,0.8,0.562927632
MARCHF7,ELF1,0.83,0.671903821
MARCHF7,STAT1,0.76,0.702209596
MARCHF7,TAPBP,0.76,0.528344298
MARCHF7,ZC3H8,0.9,0.910349614
MARCHF7,STARD7,0.88,0.749621212
ZFP36,NLRP3,0.75,0.533521303
ZFP36,ZFP36L2,0.91,0.717934783
ZFP36,ZFP36L1,0.89,0.789307359
TNFRSF17,CCR2,0.76,0.664367414
TNFRSF17,DNAJB9,0.77,0.724190434
TNFRSF17,B2M,0.7,0.741071429
TNFRSF17,IRF4,0.7,0.723109244
TNFRSF17,IL21,0.78,0.641297428
TNFSF13B,SLC11A1,0.86,0.672619048
TNFSF13B,CXCL10,0.94,0.546521739
TNFSF13B,P2RX7,0.81,0.512354255
LGALS1,FADD,0.93,0.710844862
LGALS1,CD99L2,0.7,0.626654412
LGALS1,RAC2,0.92,0.591614907
LGALS1,PMAIP1,0.85,0.736613272
KLRC4-KLRK1,FOXP3,0.93,0.655344203
KLRC4-KLRK1,EOMES,0.73,0.626297515
KLRC4-KLRK1,IL18RAP,0.81,0.531848924
TMIGD2,CTSL,0.73,0.624264706
CLC,IL10,0.72,0.628125
HLA-B,HLA-E,1,1
HLA-B,HLA-F,1,0.515
HLA-B,HLA-A,1,0.505
HLA-B,B2M,0.99,0.827916667
HLA-B,BTN3A1,0.85,0.565638528
HLA-B,TAPBP,0.93,0.951272233
LILRB2,VSIR,0.75,0.659207888
LILRB2,IL27,0.99,0.969583333
LILRB2,LILRB4,0.79,0.586575133
LILRB2,SAMHD1,0.76,0.842066563
TSC1,MYH9,0.76,0.509185606
TSC1,DROSHA,0.77,0.647660819
TSC1,DDOST,0.8,0.684757236
PRR7,RARA,0.79,0.505921053
ZFP36L2,CEBPB,1,0.51
ZFP36L2,SLC46A2,0.74,0.506597222
WNT4,XG,0.79,0.653123339
ZFP36L1,NFKBIZ,1,0.53
ZFP36L1,PRKD2,0.81,0.599908863
TIGIT,FOXP3,0.93,0.774003623
TIGIT,PDCD1,0.84,0.797550447
TIGIT,CD5,0.77,0.793859649
TIGIT,CTLA4,0.89,0.79409585
ZFPM1,DNM2,0.8,0.802392344
ZFPM1,IHH,0.81,0.687834225
ZFPM1,CARD11,0.85,0.686116601
ZFPM1,PRR7,0.86,0.734090909
ZFPM1,LRCH1,0.86,0.883631714
MTOR,MYH9,0.77,0.797794118
MTOR,RAB7A,0.73,0.571856725
MTOR,PIK3CD,0.92,0.718502964
MTOR,DDOST,0.99,0.738333333
MTOR,STAT1,0.83,0.926136364
MTOR,PDIA3,0.7,0.802287582
MTOR,VAMP3,0.94,0.892997365
MTOR,NSD2,0.84,0.834758772
MTOR,DFFA,1,0.96
SOX12,NCK2,0.76,0.551231019
GNRH1,IL4,1,0.95
GNRH1,NFKBIZ,0.8,0.705376241
GNRH1,KLRC4-KLRK1,0.7,0.520878318
GNRH1,TSC1,0.91,0.841918878
GNRH1,LMBR1L,0.86,0.615909091
GNRH1,SLC22A13,0.78,0.945525579
ZP3,RAC1,0.7,0.550297619
ZP3,DFFA,0.84,0.610503532
IL21,ICOS,0.72,0.513114895
IL21,PLA2G2D,0.79,0.657246377
IL21,IRF4,0.77,0.588702148
PHPT1,ABL1,0.8,0.624007937
PHPT1,SELENOK,0.88,0.591771548
PHPT1,PRELID1,0.7,0.550980392
PHPT1,TRAF2,1,0.86
SKAP1,GRAP2,0.7,0.509109312
PSME2,IL15,0.73,0.572829132
CD5,BCL2L11,0.71,0.63247549
PIK3CA,ADAM17,0.71,0.818896199
PIK3CA,VTCN1,0.7,0.599673203
PIK3CA,PAK2,0.98,0.572916667
PIK3CA,RNF168,0.96,0.740151515
PIK3CA,RC3H2,0.84,0.887978469
SLA2,TNFSF14,0.76,0.827777778
SLA2,IL12RB1,0.8,0.582539683
SLA2,CCL5,0.87,0.6256917
SLA2,ZNF683,0.91,0.802865613
SLA2,TRAF2,0.74,0.647557773
PTPRJ,ARF1,0.84,0.690909091
PTPRJ,ATP7A,0.75,0.678362573
PTPRJ,DGKZ,0.8,0.6232493
PTPRJ,TRAF6,0.87,0.700408692
SH2D1A,CRTAM,0.89,0.977272727
SH2D1A,ITM2A,0.73,1
SH2D1A,ICOS,0.86,0.952751196
SH2D1A,EOMES,0.83,0.655434783
SH2D1A,THEMIS,0.72,0.69815209
SH2D1A,IL18RAP,0.7,0.928921569
SH2D1A,ZNF683,0.92,0.867236025
SH2D1A,TIGIT,0.72,0.859557749
SH2D1A,TRAT1,1,0.735
SLC7A1,HMGB1,0.85,0.544125259
SLC7A1,ELF1,0.81,0.581547619
SLC7A1,TWSG1,0.72,0.678491572
SLC7A1,HSPH1,0.76,0.706034806
SLC7A1,DDOST,0.76,0.729360165
SLC7A1,ZC3H8,0.88,0.678484848
HLA-DMB,DNAJA3,0.93,0.558876812
ZBTB1,RAB7A,0.7,0.577941176
ZBTB1,PSEN1,1,0.56
RAC2,CARD11,0.9,0.745265152
RC3H2,ABL1,0.98,0.650434783
RC3H2,TP53BP1,0.71,0.620754552
RC3H2,TSC1,0.99,0.858333333
RC3H2,SYK,0.86,0.709415584
RC3H2,TRAF2,0.74,0.647364121
SOCS5,PPP3CB,0.89,0.842317194
SOCS5,STAT5B,0.74,0.629243773
SOCS5,PSEN1,0.76,0.536363636
SOCS5,TWSG1,0.76,0.6698418
SOCS5,SRC,0.71,0.623917484
SMAD7,RELA,0.93,0.526268116
SMAD7,SOX12,0.82,0.551113579
P2RX7,SOD1,0.7,0.523713235
P2RX7,NOD2,0.86,0.794318182
DFFA,PRKCZ,0.91,0.52062747
DFFA,PVR,0.73,0.770220588
DFFA,VAMP3,0.99,0.7275
LMBR1L,GPI,0.82,0.63255966
LMBR1L,DNAJA3,0.76,0.684210526
LMBR1L,PVRIG,0.78,0.822034252
LMBR1L,RIPK3,0.9,0.604078675
LMBR1L,STAT6,0.97,0.659166667
LMBR1L,ZC3H8,0.88,0.694669913
RSAD2,IFNL1,0.99,0.54625
RSAD2,IFNB1,0.97,0.761666667
RSAD2,STAT1,0.78,0.607142857
RSAD2,SAMHD1,0.94,0.919166667
MAP3K7,SMAP1,1,0.94
MAP3K7,DFFA,0.88,0.535714286
TRAF2,TCIRG1,0.8,0.59430778
TRAF2,ABL1,0.95,0.546630435
TRAF2,CYRIB,0.9,0.563470497
TRAF2,CEBPB,0.84,0.691019669
TRAF6,DGKZ,0.91,0.68099473
TRAF6,RAG1,0.9,0.633893281
TRAF6,MAPK8IP1,0.74,0.630485528
TRAF6,RELA,0.76,0.751924248
TRAF6,PSEN1,0.85,0.682695375
TRAF6,CD99L2,0.79,0.810526316
TRAF6,RAG2,0.76,0.752308802
CTLA4,LEF1,0.71,0.750568182
CTLA4,SOCS1,0.75,0.771420739
ZC3H8,IL4R,0.79,0.598809524
ZC3H8,RAC1,0.7,0.557420666
ZC3H8,NCK2,0.76,0.750142086
ZC3H8,ZBTB1,0.7,0.600533964
NRARP,JAG2,0.88,0.59504329
PMAIP1,MALT1,0.81,0.626754386
PMAIP1,CRKL,0.81,0.615836941
SPNS2,CTSL,0.88,0.676325758
SPNS2,PTPRJ,0.8,0.676262626
VCAM1,CD200,1,0.78
VCAM1,SOCS5,0.84,0.607317454
FANCA,CBFB,0.98,0.75625
FANCA,DROSHA,0.82,0.701298701
FANCA,CGAS,0.84,0.696420729
FANCA,BCL2L11,0.92,0.859066206
FANCA,TMEM102,0.73,0.808858543
LRCH1,STX7,0.82,0.862156751
CXCL11,IDO1,1,0.97
TRAT1,IL2,0.88,0.965909091
TRAT1,PTPRC,0.86,0.639583333
TRAT1,THEMIS,1,0.73
TRAT1,ITK,1,0.77
RAB29,PPP2R3C,0.7,0.52304843
UBASH3A,EOMES,0.81,0.961048454
UBASH3A,SASH3,0.83,0.760407813
UBASH3A,GPR174,0.98,0.684782609
UBASH3A,TCF7,0.71,0.93251634
XG,IGFBP2,0.74,0.604558271
XG,CD99,0.88,0.556300583
TP53,CASP3,0.75,0.505555556
LGALS14,ARG1,0.72,0.744270833
ERBB2,ADAM10,0.86,0.848863636
ZEB1,MYH9,0.84,0.794332298
ZEB1,ABL1,0.82,0.718996355
ZEB1,LEF1,0.83,0.948953824
ZEB1,TNFSF4,0.94,0.614899539
ZEB1,CD99,0.78,0.730921053
ZEB1,CAMK4,0.98,0.929166667
ZEB1,WNT5A,0.96,0.792318841
ZEB1,LGALS1,0.72,0.72307423
ZEB1,LRCH1,0.9,0.86159689
ZEB1,LRRC32,1,0.68
VNN1,CARD11,0.72,0.596749226
SOS1,RUNX1,0.89,0.631922878
SOS1,STK11,0.83,0.526948052
SOS1,ZMIZ1,0.87,0.549407115
SOS1,SEC31A,0.72,0.681587547
SOS1,DCTN1,0.94,0.70173913
SOS1,SOCS5,0.78,0.555788982
ZBTB16,RIPOR2,0.95,0.936141304
ITGA4,PTPRJ,0.77,0.528242956
TMEM102,TP53,0.81,0.551600923
STARD7,KCNN4,0.74,0.539374841
STARD7,WNT5A,0.93,0.764286891
STARD7,ZC3H8,0.86,0.517613636
LRRC32,PKN1,0.7,0.755065359
PIK3CG,CCR2,0.9,0.733423913
PIK3CG,CCR6,0.76,0.668402778
PIK3CG,PRDM1,0.74,0.752756892
PIK3CG,ITGA4,0.96,0.917047101
